product,price,source,timestamp
Samsung Galaxy Watch5 Goud - 40MM Bluetooth,"215,00",amazon,2022-12-25 13:25:23.666374
Samsung Galaxy Watch 4 Classic 46M Bluetooth zwart,"179,00",amazon,2022-12-25 13:25:23.666374
Samsung Galaxy Watch5 Pro Zwart - 45MM Bluetooth,"339,95",amazon,2022-12-25 13:25:23.666374
Samsung Galaxy Watch4 Zwart - 40MM,"138,95",amazon,2022-12-25 13:25:23.667371
"Samsung Galaxy Watch5 Pro Smartwatch, gezondheidsbewaking, sporthorloge, lange batterijduur, 4 G, 45 mm, titanium, 1 jaar garantie [Amazon uitgesloten] - versie FR","523,11",amazon,2022-12-25 13:25:23.667371
Samsung Galaxy Watch4 Classic Zwart - 46MM,"169,00",amazon,2022-12-25 13:25:23.667371
Samsung Galaxy Watch 5 (40mm) LTE - Smartwatch Silver,"219,00",amazon,2022-12-25 13:25:23.668370
"Samsung Galaxy Watch Active2 Smartwatch, 40 mm, roze/goud","189,50",amazon,2022-12-25 13:25:23.668370
Samsung Galaxy Fit 2 zwart SM-R220NZKA,"55,07",amazon,2022-12-25 13:25:23.668370
"Samsung Galaxy Watch 4 44 mm Smartwatch, gezondheidsbewaking, fitnesstracker, lange batterijduur, Bluetooth, zwart, 2021","204,90",amazon,2022-12-25 13:25:23.669490
"Samsung Galaxy Watch4 Smartwatch, Smartwatch, gezondheidsbewaking, fitnesstracker, wellness, sport, BMI, ECG, lange batterijduur, Bluetooth, 40 mm, zwart","188,92",amazon,2022-12-25 13:25:23.669490
Samsung Galaxy Watch 5 (44mm) LTE - Smartwatch Graphite,"398,90",amazon,2022-12-25 13:25:23.669490
"Samsung Galaxy Watch5 Pro, ronde Bluetooth smartwatch, Wear OS, outdoor fitnesshorloge, fitnesstracker, 45 mm, titanium zwart (Duitse versie)","399,00",amazon,2022-12-25 13:25:23.670589
"Samsung Galaxy Watch4 Classic smartwatch, smartwatch, draaibare lunette, fitnesstracker, gezondheid, welzijn, sport, BMI, ECG, Bluetooth, 42 mm zwart","174,99",amazon,2022-12-25 13:25:23.670589
SAMSUNG Fashion heren smartwatches 8806092580664,"139,00",amazon,2022-12-25 13:25:23.670589
Samsung Galaxy Watch Active 4 40M Bluetooth Gold,"261,51",amazon,2022-12-25 13:25:23.671585
Sam Galaxy Watch 4 classic 42mm LTE bk | Samsung Galaxy Watch 4 classic 42mm bk,"252,68",amazon,2022-12-25 13:25:23.671585
"Samsung Galaxy Watch 3, Ronde Bluetooth Smartwatch voor Android, Draaibare Lunette, Fitnesshorloge, Fitnesstracker, Groot Display, 41 mm, Brons","169,95",amazon,2022-12-25 13:25:23.672589
Samsung Galaxy Watch 5 (44mm) Bluetooth - Smartwatch Graphite,"284,40",amazon,2022-12-25 13:25:23.672589
Samsung Galaxy Watch 5 (40mm) Bluetooth - Smartwatch Gold,"273,80",amazon,2022-12-25 13:25:23.672589
Samsung Galaxy Watch 5 (40mm) Bluetooth - Smartwatch Graphite,"334,74",amazon,2022-12-25 13:25:24.593299
"Samsung Galaxy Watch4 Smartwatch, gezondheidscontrole, sporttracker, batterij met lange levensduur, 40 mm, Bluetooth, zwart (versie ES)","268,97",amazon,2022-12-25 13:25:24.593299
"Samsung Galaxy Watch5 Smartwatch, gezondheidsbewaking, sporthorloge, lange batterijduur, Bluetooth, 40 mm, roségoud, 1 jaar garantie [Amazon uitgesloten] - versie FR","303,36",amazon,2022-12-25 13:25:24.594388
SAMSUNG R850 Galaxy Watch 3 41 mm BT Mystic Bronze [Roemeense versie],"224,95",amazon,2022-12-25 13:25:24.594388
Samsung Galaxy Watch 5 (40mm) LTE - Smartwatch Graphite,"299,00",amazon,2022-12-25 13:25:24.594388
"Samsung Galaxy Watch Active2, Fitnesstracker van aluminium, groot display, duurzame batterij, waterdicht, 44 mm, Bluetooth, zwart","180,31",amazon,2022-12-25 13:25:24.595388
Samsung Galaxy Watch 5 (40mm) Bluetooth - Smartwatch Silver,"293,54",amazon,2022-12-25 13:25:24.595388
"Samsung Galaxy Watch Active 2 (Bluetooth) 44 mm, aluminium, zwart","203,34",amazon,2022-12-25 13:25:24.595388
Samsung Galaxy Watch 4 Classic (46mm) LTE - Smartwatch Silver,"246,00",amazon,2022-12-25 13:25:24.596388
"Samsung Galaxy Watch 4 44 mm Smartwatch, gezondheidsbewaking, fitnesstracker, lange batterijduur, Bluetooth, groen, 2021 [Italiaanse versie]","285,33",amazon,2022-12-25 13:25:24.596388
Samsung Galaxy Watch4 4G 40 mm grijs smartwatch smartwatch gezondheidsbewaking wellness sport BMI ECG accu lange levensduur - versie FR,"199,00",amazon,2022-12-25 13:25:24.597388
"Samsung Galaxy Watch5 Pro Smartwatch, gezondheidsbewaking, sporthorloge, lange batterijduur, 4 G, 45 mm, zwart, 1 jaar garantie [Amazon uitgesloten] - versie FR","521,85",amazon,2022-12-25 13:25:24.597388
Samsung Galaxy Watch 5 (40mm) Bluetooth - Smartwatch Silver,"289,91",amazon,2022-12-25 13:25:24.598518
Samsung Galaxy Watch 4 Classic (42mm) - Smartwatch Silver,"392,42",amazon,2022-12-25 13:25:24.598518
"Samsung Galaxy Watch5 Smartwatch, gezondheidsbewaking, sporthorloge, lange batterijduur, 4 G, 44 mm, grafiet, 1 jaar garantie [Amazon uitgesloten] - versie FR","378,41",amazon,2022-12-25 13:25:24.598518
"Samsung Galaxy Watch5 Smartwatch, gezondheidsbewaking, sporthorloge, lange batterijduur, 4 G, 40 mm, grafiet, 1 jaar garantie [Amazon uitgesloten] - versie FR","353,95",amazon,2022-12-25 13:25:24.599603
Samsung Galaxy Watch 4 Classic (42mm) - Smartwatch Black,"274,82",amazon,2022-12-25 13:25:24.599603
Samsung Galaxy Watch 5 (40mm) Bluetooth - Smartwatch Gold,"347,30",amazon,2022-12-25 13:25:24.599603
"Samsung Galaxy Watch4 Classic 4G 46 mm, zilver, smartwatch, draaibare lunette, gezondheid, wellness, sport, BMI, ECG, Franse versie","440,37",amazon,2022-12-25 13:25:24.600603
"Samsung Galaxy Watch 4 44 mm Smartwatch, gezondheidsbewaking, fitnesstracker, lange batterijduur, bluetooth, zilver, 2021","139,00",amazon,2022-12-25 13:25:24.600603
Samsung Galaxy Watch 4 Classic (46mm) Bluetooth - Smartwatch Silver,"306,07",amazon,2022-12-25 13:25:25.483572
"Samsung Galaxy Watch5 Smartwatch, gezondheidsbewaking, sporthorloge, lange batterijduur, 4 G, 44 mm, blauw, 1 jaar garantie [Amazon uitgesloten] - versie FR","383,80",amazon,2022-12-25 13:25:25.483572
Samsung Galaxy Watch 4 Classic (46mm) Bluetooth - Smartwatch Black,"425,23",amazon,2022-12-25 13:25:25.484572
"SAMSUNG Galaxy SmartTag 2021, Bluetooth-tracker en objectvinder voor sleutels, portefeuilles, bagage, huisdieren en meer (1 stuk), zwart","30,14",amazon,2022-12-25 13:25:25.484572
"Samsung Galaxy Watch4 Smartwatch, gezondheidscontrole, sporttracker, lange levensduur van de batterij, 44 mm, LTE, zilverkleurig (versie ES)","343,80",amazon,2022-12-25 13:25:25.485572
"Samsung EF-WA405 Wallet Cover, Zwart","15,65",amazon,2022-12-25 13:25:25.485572
Samsung Galaxy Watch 4 Classic (42mm) - Smartwatch Silver,"309,00",amazon,2022-12-25 13:25:25.485572
Samsung Galaxy Watch 4 Classic (46mm) LTE - Smartwatch Silver,"317,19",amazon,2022-12-25 13:25:25.486572
Samsung Galaxy Watch 4 Classic (46mm) Bluetooth - Smartwatch Silver,"241,11",amazon,2022-12-25 13:25:25.486572
Sam Galaxy Watch 4 classic EU 46mm BT sr | Samsung Galaxy Watch 4 classic 46mm sr,"267,10",amazon,2022-12-25 13:25:25.487572
"Samsung Galaxy Watch Active2, Explorer Edition, 40 mm, Roze Goud (Refurbished)","133,89",amazon,2022-12-25 13:25:25.487572
"Samsung Galaxy Watch, ronde Bluetooth smartwatch voor Android, draaibare lunette, fitnesstracker, 42 mm, duurzame batterij, zwart (Duitse versie)","232,99",amazon,2022-12-25 13:25:25.487572
"Samsung Galaxy Fit E, Fitnesstracker, Wit","49,24",amazon,2022-12-25 13:25:25.488572
"Samsung Galaxy Watch4 Classic Smartwatch, draaibare lunette, gezondheidscontrole, sporttracker, LTE, 42 mm, zilverkleurig (versie ES)","416,49",amazon,2022-12-25 13:25:25.488572
Sam Galaxy Watch Active2 EU 44mm BLTH bk | Samsung compatible Gal. Watch Active2 R820 EU black,"306,00",amazon,2022-12-25 13:25:25.489572
"Samsung Galaxy Watch Active2, Fitnesstracker van roestvrij staal, groot display, duurzame batterij, waterdicht, 40 mm, Bluetooth, zwart","168,90",amazon,2022-12-25 13:25:25.489572
Samsung Galaxy Watch Active2 40mm 4G Aluminio Negro (Aqua Black) R835F,"203,81",amazon,2022-12-25 13:25:26.392132
Samsung SM-R920 Galaxy Watch5 Smartwatch black titanium 45mm EU,"446,55",amazon,2022-12-25 13:25:26.393236
Samsung Galaxy Watch5 Pro LTE 45mm SM-R925 Titanium Black,"569,14",amazon,2022-12-25 13:25:26.393236
Samsung Galaxy Watch 5 (44mm) LTE - Smartwatch Graphite,"337,31",amazon,2022-12-25 13:25:26.393236
Samsung Galaxy Watch 5 (44mm) LTE - Smartwatch Blue,"287,00",amazon,2022-12-25 13:25:26.394236
Samsung Galaxy Watch 5 (44mm) LTE - Smartwatch Silver,"273,70",amazon,2022-12-25 13:25:26.394236
"Samsung R840 Galaxy Watch 3 45 mm BT SM-R840NZK, Black (Refurbished)","244,80",amazon,2022-12-25 13:25:26.394236
"Samsung Galaxy Watch Active 2 (Bluetooth) 40mm, Aluminum, Silver (Refurbished)","142,19",amazon,2022-12-25 13:25:26.394236
"Samsung Galaxy Watch5 40 mm Smartwatch, wellness-tracker, fitnesstracker, bluetooth, roze goud [Italiaanse versie], Roze Goud, 40mm, bluetooth","315,81",amazon,2022-12-25 13:25:26.395237
"Samsung Galaxy Watch 5 (40 mm) Bluetooth - Graphite Smartwatch, grijs, 40 mm, modern, grijs, 40 mm, modern, grijs, 40 mm, Modern","308,79",amazon,2022-12-25 13:25:26.395237
"Samsung Galaxy Watch 5 (40 mm) Bluetooth Smartwatch zilver, zilver., 40M, Modern","315,81",amazon,2022-12-25 13:25:26.395237
"Samsung Galaxy Watch 5 (40 mm) Bluetooth Smartwatch zilver, zilver., 40M, Modern","308,79",amazon,2022-12-25 13:25:26.395237
"Samsung Galaxy Smartwatch, Rosé-Goud (Refurbished)","87,00",amazon,2022-12-25 13:25:26.396238
Samsung Galaxy Watch 5 (40mm) LTE - Smartwatch Gold,"273,00",amazon,2022-12-25 13:25:26.396238
Samsung Galaxy Watch 4 Classic (46mm) LTE - Smartwatch Black,"303,99",amazon,2022-12-25 13:25:26.396238
"Samsung Galaxy Watch4 Smartwatch met gezondheidsbewaking, fitnesstracker, lange batterijduur, Bluetooth, 40 mm, zwart (gereviseerd)","231,95",amazon,2022-12-25 13:25:26.396238
Samsung Galaxy Watch 5 (40mm) LTE - Smartwatch Silver,"413,70",amazon,2022-12-25 13:25:26.397428
Smartwatch Samsung Watch 5 R915 LTE Grey,"355,87",amazon,2022-12-25 13:25:26.397428
Samsung Galaxy Watch 5 (44mm) LTE - Smartwatch Blue,"390,41",amazon,2022-12-25 13:25:26.397428
"Samsung R840 Galaxy Watch 3 45 mm BT SM-R840, Black (Refurbished)","106,21",amazon,2022-12-25 13:25:26.397428
"Samsung Galaxy Watch5 Smartwatch, gezondheidsbewaking, sporthorloge, lange batterijduur, 4 G, 40 mm, zilver, 1 jaar garantie [Amazon uitgesloten] - versie FR","352,74",amazon,2022-12-25 13:25:26.398488
"Samsung Galaxy Watch5 Smartwatch, gezondheidsbewaking, sporthorloge, lange batterijduur, Bluetooth, 44 mm, blauw, 1 jaar garantie [Amazon uitgesloten]","332,98",amazon,2022-12-25 13:25:26.398488
"Samsung Galaxy Watch5 Smartwatch, gezondheidsbewaking, sporthorloge, lange batterijduur, 4 G, 40 mm, roségoud, 1 jaar garantie [Amazon uitgesloten] - Franse versie","353,95",amazon,2022-12-25 13:25:27.352815
"Samsung Galaxy Watch5 Smartwatch, gezondheidsbewaking, sporthorloge, lange batterijduur, Bluetooth, 44 mm, zilver, 1 jaar garantie [Amazon uitgesloten] - versie FR","332,99",amazon,2022-12-25 13:25:27.352815
"Samsung Galaxy Watch5 Smartwatch, gezondheidsbewaking, sporthorloge, lange batterijduur, Bluetooth, 40 mm, grafiet, 1 jaar garantie [Amazon uitgesloten] - versie FR","303,36",amazon,2022-12-25 13:25:27.353816
"Samsung Galaxy Watch5 Smartwatch, gezondheidsbewaking, sporthorloge, lange batterijduur, Bluetooth, 40 mm, zilver, 1 jaar garantie [Amazon uitgesloten] - versie FR","303,36",amazon,2022-12-25 13:25:27.353816
"Samsung Galaxy Watch5 Pro Smartwatch, gezondheidsbewaking, sporthorloge, lange batterijduur, Bluetooth, 45 mm, titanium, 1 jaar garantie [Amazon uitgesloten] - Franse versie","473,36",amazon,2022-12-25 13:25:27.354815
"Samsung Galaxy Watch5 Smartwatch, gezondheidsbewaking, sporthorloge, lange batterijduur, 4 G, 44 mm, zilver, 1 jaar garantie [Amazon uitgesloten] - versie FR","383,02",amazon,2022-12-25 13:25:27.354815
"Samsung Galaxy Watch5 Smartwatch, gezondheidsbewaking, sporthorloge, lange batterijduur, Bluetooth, 44 mm, grafiet, 1 jaar garantie [Amazon uitgesloten] - versie FR","332,78",amazon,2022-12-25 13:25:27.354815
"Samsung Galaxy Watch5 Pro Smartwatch, gezondheidsbewaking, sporthorloge, lange batterijduur, Bluetooth, 45 mm, zwart, 1 jaar garantie [Amazon uitgesloten] - versie FR","473,36",amazon,2022-12-25 13:25:27.355815
"Samsung Galaxy Watch 5 (40 mm) Bluetooth - gouden smartwatch, Verde Y Azul Colores, 40mm","305,98",amazon,2022-12-25 13:25:27.355815
"Samsung Galaxy Watch 5 (40 mm) Bluetooth - gouden smartwatch, Verde Y Azul Colores, 40mm","336,86",amazon,2022-12-25 13:25:27.355815
Samsung Galaxy Watch 5 (44mm) Bluetooth - Smartwatch Silver,"287,80",amazon,2022-12-25 13:25:27.356816
Samsung Galaxy Watch 5 (40mm) LTE - Smartwatch Gold,"356,80",amazon,2022-12-25 13:25:27.356997
Samsung Galaxy Watch 5 (44mm) Bluetooth - Smartwatch Blue,"306,05",amazon,2022-12-25 13:25:27.356997
Samsung Galaxy Watch 5 (40mm) LTE - Smartwatch Graphite,"407,04",amazon,2022-12-25 13:25:27.356997
Samsung Galaxy Watch 5 (44mm) LTE - Smartwatch Silver,"527,00",amazon,2022-12-25 13:25:27.358035
"Samsung Galaxy Watch5 Pro, ronde LTE smartwatch, Wear OS, outdoor fitnesshorloge, fitnesstracker, 45 mm, titanium (Duitse versie)","599,49",amazon,2022-12-25 13:25:27.358035
Samsung Galaxy Watch 5 (44mm) LTE - Smartwatch Blue,"470,11",amazon,2022-12-25 13:25:27.358035
"Galaxy Watch3, Black, SM-R840, SmartWatch, 45 mm, EU-goederen (Refurbished)","152,99",amazon,2022-12-25 13:25:27.359035
"Samsung Galaxy Watch4 Classic Smartwatch, zwart, 42 mm, LTE","477,56",amazon,2022-12-25 13:25:27.359035
"Samsung Galaxy Watch4, ronde Bluetooth smartwatch, Wear OS, draaibare lunette, fit-ness-horloge, fitnesstracker, 40 mm, zwart [EU-versie]","214,52",amazon,2022-12-25 13:25:27.359035
Samsung Galaxy Watch 4 Classic (46mm) LTE - Smartwatch Silver,"449,97",amazon,2022-12-25 13:25:27.360036
"Samsung Galaxy Watch4 BT, ronde Bluetooth smartwatch, Wear OS, draaibar-lunette, Fit-nesshorloge, fitnesstracker, 40 mm, roze goud (Duitse versie)","227,99",amazon,2022-12-25 13:25:28.266699
"Samsung Galaxy Watch4 BT, ronde Bluetooth smartwatch, Wear OS, draai-bar lunette, fit-ness-horloge, fitnesstracker, 40 mm, zilver (Duitse versie), zilver, 40 mm, Bluetooth","353,30",amazon,2022-12-25 13:25:28.266699
"Samsung Galaxy Watch4 BT, ronde Bluetooth smartwatch, Wear OS, draaibar-lunette, Fit-nesshorloge, fitnesstracker, 44 mm, groen (Duitse versie)","312,69",amazon,2022-12-25 13:25:28.267832
"Samsung Galaxy Watch4 BT, ronde Bluetooth smartwatch, Wear OS, draaibar-lunette, Fit-nesshorloge, fitnesstracker, 44 mm, groen (Duitse versie)","313,73",amazon,2022-12-25 13:25:28.267832
"Samsung Galaxy Watch4 BT, ronde Bluetooth smartwatch, Wear OS, draai-bar lunette, fit-ness-horloge, fitnesstracker, 44 mm, zilver, zilver, 44 mm, Bluetooth","439,80",amazon,2022-12-25 13:25:28.267832
"Samsung Galaxy Watch4, ronde LTE Smartwatch, Wear OS, draaibare lunette, Fit-Neshorloge, fitnesstracker, 44 mm, zwart","236,12",amazon,2022-12-25 13:25:28.267832
"Samsung Galaxy Watch4 Classic BT, SM-R880NZS, SmartWatch, 42mm, zilver","292,48",amazon,2022-12-25 13:25:28.267832
"Samsung Galaxy Watch4, ronde LTE smartwatch, Wear OS, draaibare lunette, fitnesshorloge, fitnesstracker, 44 mm, groen","228,00",amazon,2022-12-25 13:25:28.268921
"Samsung Galaxy Watch4, ronde LTE smartwatch, Wear OS, draaibar-lunette, Fit-nesshorloge, fitnesstracker, 44 mm, zilver (Duitse versie)","347,99",amazon,2022-12-25 13:25:28.268921
"Samsung Galaxy Watch4 Classic, ronde Bluetooth smartwatch, Wear OS, draaibare lunette, fitnesshorloge, fitnesstracker, 46 mm, zilver (Duitse versie) [EU-versie], zilver, 46mm, Bluetooth","179,00",amazon,2022-12-25 13:25:28.269921
"Samsung Galaxy Watch4 Classic, rond Bluetooth smartwatch, Wear OS, draaibare lunette, fitnesshorloge, fitnesstracker, 46 mm, zwart (Duitse versie)","448,15",amazon,2022-12-25 13:25:28.269921
"Galaxy Watch3, Black, SM-R840, SmartWatch, 45 mm, EU-goederen","354,20",amazon,2022-12-25 13:25:28.269921
Samsung Galaxy Watch 3 roestvrij staal 45 mm Bluetooth Smart Watch - Mystic Black (Versie) (vernieuwd),"244,80",amazon,2022-12-25 13:25:28.270921
"Samsung Galaxy Watch Active2 Bluetooth smartwatch 40 mm van aluminium en sportarmband met GPS, aluminium zilver (gereviseerd)","142,19",amazon,2022-12-25 13:25:28.270921
Samsung Galaxy Watch 4 Classic (42mm) - Smartwatch Black,"174,99",amazon,2022-12-25 13:25:28.270921
Samsung Galaxy Watch 4 Classic (46mm) Bluetooth - Smartwatch Black,"266,20",amazon,2022-12-25 13:25:28.271925
"Samsung Galaxy Watch 4 (44 mm, WiFi, 1,4 inch) zwart","281,20",amazon,2022-12-25 13:25:28.271925
"Samsung Galaxy Watch4 Smartwatch, gezondheidscontrole, sporttracker, lange levensduur van de batterij, 40 mm, LTE, goudkleurig (versie ES)","317,59",amazon,2022-12-25 13:25:28.271925
"Samsung Galaxy Watch4 Classic Smartwatch, draaibare lunette, gezondheidscontrole, sporttracker, Bluetooth, 46 mm, zwart (versie ES)","352,46",amazon,2022-12-25 13:25:28.273036
"Samsung Galaxy Watch4 Smartwatch, gezondheidscontrole, sporttracker, batterij met lange levensduur, 44 mm, LTE, groen (versie ES)","346,77",amazon,2022-12-25 13:25:29.166683
"Samsung Galaxy Watch4 Classic Smartwatch, draaibare lunette, gezondheidscontrole, sporttracker, Bluetooth, 46 mm, zilverkleurig (versie ES)","298,56",amazon,2022-12-25 13:25:29.166683
"Samsung Galaxy Watch4 Smartwatch, gezondheidscontrole, sporttracker, lange levensduur van de batterij, 40 mm, Bluetooth, goudkleurig (versie ES)","195,79",amazon,2022-12-25 13:25:29.167681
"Samsung Galaxy Watch4 Smartwatch, gezondheidscontrole, sporttracker, lange levensduur van de batterij, 40 mm, LTE, zilverkleurig (versie ES)","318,02",amazon,2022-12-25 13:25:29.167681
"Samsung Galaxy Watch4 Smartwatch, gezondheidscontrole, sporttracker, batterij met lange levensduur, 44 mm, LTE, zwart (versie ES)","347,38",amazon,2022-12-25 13:25:29.167681
"Samsung Galaxy Watch4 Smartwatch, gezondheidscontrole, sporttracker, lange batterijduur, 44 mm, Bluetooth, zilverkleurig (versie ES)","275,90",amazon,2022-12-25 13:25:29.168685
"Samsung Galaxy Watch4 Smartwatch, gezondheidscontrole, sporttracker, batterij met lange levensduur, 44 mm, Bluetooth, zwart (versie ES)","250,00",amazon,2022-12-25 13:25:29.168685
"Samsung Galaxy Watch4 Classic Smartwatch, draaibare lunette, gezondheidscontrole, sporttracker, LTE, 42 mm, zwart (versie ES)","416,50",amazon,2022-12-25 13:25:29.168685
"Samsung Galaxy Watch4 Classic Smartwatch, draaibare lunette, gezondheidscontrole, sporttracker, Bluetooth, 42 mm, zilverkleurig (versie ES)","365,86",amazon,2022-12-25 13:25:29.169683
"Samsung Galaxy Watch4 LTE 40 mm Smartwatch, gezondheidsbewaking, fitnesstracker, lange batterijduur, Bluetooth, goud, 2021 [Italiaanse versie]","269,31",amazon,2022-12-25 13:25:29.169683
"Samsung Galaxy Watch4 Classic LTE 46 mm smartwatch van roestvrij staal, draaibaar, wellness-tracker, zwart (zwart), 2021 [Italiaanse versie]","457,96",amazon,2022-12-25 13:25:29.170812
"Samsung Galaxy Watch4 LTE Smartwatch, 40 mm, gezondheidsbewaking, fitnesstracker, lange batterijduur, Bluetooth, zwart, 2021 [Italiaanse versie]","315,30",amazon,2022-12-25 13:25:29.170812
"Samsung Galaxy Watch4 Smartwatch voor gezondheidsbewaking, fitnesstracker, lange batterijduur, 4G, 44 mm, zwart","299,00",amazon,2022-12-25 13:25:29.170812
"SAMSUNG Galaxy Watch Active2 LTE SM-R825FZK, zwart","381,85",amazon,2022-12-25 13:25:29.171897
"SAMSUNG Galaxy Watch Active2 LTE SM-R825FZK, zwart","400,03",amazon,2022-12-25 13:25:29.171897
"Samsung Galaxy Watch4 Classic 4G 42 mm zwart - smartwatch, draaibare lunette gezondheid Wellness Sport IMC, ECG - FR versie","554,26",amazon,2022-12-25 13:25:29.171897
Samsung Galaxy Watch Active 4 44M Bluetooth zilver,"294,68",amazon,2022-12-25 13:25:29.172875
Samsung Galaxy Watch Active 4 44M Bluetooth groen,"309,28",amazon,2022-12-25 13:25:29.172875
"Samsung Galaxy Watch4 Classic 4G 42 mm, zilver, smartwatch, draaibare lunette, gezondheid, wellness, sport, BMI, ECG, Franse versie","436,93",amazon,2022-12-25 13:25:29.172875
"Samsung Galaxy Watch4 4G, 44 mm, zwart – Smart Watch, gezondheidsbewaking, wellness, sport, BMI, ECG, duurzame batterij – Franse versie","343,50",amazon,2022-12-25 13:25:29.173875
Samsung Galaxy Watch 4 Classic (46mm) LTE - Smartwatch Black,"303,99",amazon,2022-12-25 13:25:29.173875
"Samsung Galaxy Watch4 BT Smartwatch, rond, Bluetooth, Wear OS, rosé goud","214,76",amazon,2022-12-25 13:25:29.174874
"Samsung Galaxy Watch4 Smartwatch met gezondheidsbewaking, fitnesstracker, lange batterijduur, Bluetooth, 40 mm, zwart","257,55",amazon,2022-12-25 13:25:30.074747
Samsung Galaxy Watch 4 Classic (46mm) Bluetooth - Smartwatch Black,"310,46",amazon,2022-12-25 13:25:30.075749
"Samsung Galaxy Watch 4 Classic 46 mm smartwatch van roestvrij staal, draaibare lunet, wellness-tracker, fitnesstracker, zilver 2021","380,87",amazon,2022-12-25 13:25:30.075749
"Samsung Galaxy Watch 4 Classic 42 mm smartwatch van roestvrij staal, draaibare lunet, wellness-tracker, fitnesstracker, zilver 2021","222,71",amazon,2022-12-25 13:25:30.075749
Samsung Galaxy Watch 4 Classic (42mm) - Smartwatch Black,"352,46",amazon,2022-12-25 13:25:30.076747
"Galaxy Watch Active 2, zwart, SM-R830, SmartWatch, 40 mm, Bluetooth","241,00",amazon,2022-12-25 13:25:30.076747
Samsung Galaxy Watch 4 Classic (42mm) - Smartwatch Black,"301,77",amazon,2022-12-25 13:25:30.077749
"Samsung Galaxy Watch4 Smart Watch, Gezondheidsmonitoring, Fitness Tracker, Langdurige batterij, 4G, 44 mm, Zilver (Britse versie)","362,13",amazon,2022-12-25 13:25:30.077749
"Samsung Galaxy Watch Active 2, aluminium, 40 mm, LTE, roze goud","339,00",amazon,2022-12-25 13:25:30.078747
"Samsung Galaxy Fit 2 - Activity Tracker Scarlet, scharlakenrood, één maat, SM-R220NZRAEUA","67,19",amazon,2022-12-25 13:25:30.078912
Sam Galaxy Watch 3 EU 45mm bk | Samsung compatible Galaxy Watch 3 45mm EU black,"253,81",amazon,2022-12-25 13:25:30.078912
"Samsung R850 Galaxy Watch 3 41 mm BT Mystic Silver, SM-R850NZSAEUE [Roemeense versie], Mystic Silver, 41 mm, Bluetooth","218,95",amazon,2022-12-25 13:25:30.078912
SAMSUNG R840 Galaxy Watch 3 45mm BT Mystic Silver [Roemeense versie],"266,02",amazon,2022-12-25 13:25:30.079999
SAMSUNG R840 Galaxy Watch 3 45 mm BT Titan EU [Roemeense versie],"565,29",amazon,2022-12-25 13:25:30.079999
"Samsung R840 Galaxy Watch 3 45mm BT SM-R840, Mystic Black","282,78",amazon,2022-12-25 13:25:30.079999
Samsung Galaxy Watch 3 R845 – 45 mm versie 4G – Mystic Silver [+ Amazon-aankoopgoed],"453,32",amazon,2022-12-25 13:25:30.080998
"Samsung Galaxy Watch3 Bluetooth Smartwatch Voor Android, Draaibare Lunette, LTE, Fitnesstracker, Groot Display, F-R845FZSAEUB","400,03",amazon,2022-12-25 13:25:30.080998
"Galaxy Watch3, zilver, SM-R850, SmartWatch, 41 mm, EU-product","433,50",amazon,2022-12-25 13:25:30.080998
SAMSUNG Galaxy Watch Active 2 R820 44MM Zwart,"299,00",amazon,2022-12-25 13:25:30.081998
SAMSUNG Digitale SM-R835FZKADBT,"199,95",amazon,2022-12-25 13:25:30.081998
"Samsung Gear Sport Smartwatch, zwart (Refurbished)","119,03",amazon,2022-12-25 13:25:30.901240
"Samsung Galaxy Watch Active2 Under Armour, Fitnesstracker van aluminium, groot display, duurzame accu, waterdicht, 40 mm, bluetooth, met exclusieve armband en wijzerplaat, grijs","250,35",amazon,2022-12-25 13:25:30.902240
Samsung Galaxy Watch LTE Smartwatch 42 mm Roségoud Spaanse Versie,"467,16",amazon,2022-12-25 13:25:30.902240
Samsung Galaxy Watch Active Bt Black,"265,51",amazon,2022-12-25 13:25:30.903335
Samsung Gear Sport Smartwatch Fitness Tracker- Waterafstotend - internationale versie - zonder garantie (Refurbished),"119,03",amazon,2022-12-25 13:25:30.903335
"Samsung Galaxy Watch Smartwatch, Spaanse versie","399,64",amazon,2022-12-25 13:25:30.903335
Samsung Galaxy Watch (Bluetooth) 42 mm - Smartwatch zwart,"295,19",amazon,2022-12-25 13:25:30.904369
Samsung - Gear Sport Smartwatch,"308,55",amazon,2022-12-25 13:25:30.904369
"Samsung Gear Sport Smartwatch, zwart","410,85",amazon,2022-12-25 13:25:30.905369
"Samsung Gear Fit II Smartwatch, Small, Roze","213,81",amazon,2022-12-25 13:25:30.905369
Vervangende Samsung designer armband voor Gear Fit/door nicholas kirkwood/black+silver chevron,"29,61",amazon,2022-12-25 13:25:30.905369
Samsung Galaxy Watch4 - Smartwatch Dames - 40mm - Pink gold,139,bol,2022-12-25 13:25:32.310598
Samsung Galaxy Watch4 Classic - Smartwatch heren - 46mm - Zwart,179,bol,2022-12-25 13:25:32.312629
Samsung Galaxy Watch5 - Smartwatch - 40 mm - Gold,"218,99",bol,2022-12-25 13:25:32.315740
Samsung Galaxy Watch5 Pro - Smartwatch - 45 mm - Black,"357,99",bol,2022-12-25 13:25:35.876755
Samsung Galaxy Watch4 Classic - Smartwatch heren - 42mm - Zwart,"174,99",bol,2022-12-25 13:25:35.878755
Samsung Galaxy Watch5 - Smartwatch - 40 mm - Silver,"217,99",bol,2022-12-25 13:25:35.880889
Samsung Galaxy Watch5 - Smartwatch - 44 mm - Gray,239,bol,2022-12-25 13:25:35.881979
Samsung Galaxy Watch4 - 44mm - Black,139,bol,2022-12-25 13:25:35.883979
Samsung Galaxy Watch5 - Smartwatch - 40 mm - Gray,"214,99",bol,2022-12-25 13:25:39.542903
Samsung Galaxy Watch5 Pro - Smartwatch - 45 mm - LTE/5G - Black,"444,99",bol,2022-12-25 13:25:43.229513
Samsung Galaxy Watch5 - Smartwatch - 40 mm - LTE/5G - Gold,299,bol,2022-12-25 13:25:43.231513
Samsung Galaxy Watch4 Classic - Smartwatch heren - 46mm - Silver,188,bol,2022-12-25 13:25:46.741877
"Samsung Galaxy Watch4 - 44mm - Silver

Tweedehands","151,56",bol,2022-12-25 13:25:50.288603
Samsung Galaxy Watch5 Pro - Smartwatch - 45 mm - Titanium,359,bol,2022-12-25 13:25:50.290670
Samsung Galaxy Watch5 Pro - Smartwatch - 45 mm - LTE/5G - Titanium,450,bol,2022-12-25 13:25:53.778620
Samsung Galaxy Watch3 - Smartwatch heren - Stainless Steel - 45mm - Zwart,"214,49",bol,2022-12-25 13:25:53.780621
Samsung Galaxy Watch5 - Smartwatch - 44 mm - Silver,"237,99",bol,2022-12-25 13:25:53.784803
Samsung Galaxy Watch4 - 44mm - Green,175,bol,2022-12-25 13:25:53.786996
Samsung Galaxy Watch4 Classic - 46 mm - Smartwatch  Heren - LTE/4G - Zwart,"303,99",bol,2022-12-25 13:25:53.788054
Samsung Galaxy Watch4 Classic - Smartwatch heren - 42mm - Wit/Silver,179,bol,2022-12-25 13:25:57.280431
Samsung Galaxy Watch5 - Smartwatch - 44 mm - LTE/5G - Gray,313,bol,2022-12-25 13:25:57.281521
Samsung Galaxy Watch3 - Smartwatch dames - Stainless Steel - 41mm - Brons,"224,95",bol,2022-12-25 13:25:57.282522
Samsung Galaxy Watch4 - 40mm - Silver,"174,99",bol,2022-12-25 13:26:04.469944
Samsung Galaxy Watch5 - Smartwatch - 44 mm - Blue,"237,99",bol,2022-12-25 13:26:08.085649
Samsung Galaxy Watch5 - Smartwatch - 40 mm - LTE/5G - Gray,299,bol,2022-12-25 13:26:08.088754
"Samsung Galaxy Watch Active - Smartwatch dames - 39 mm - Roségoud

Tweedehands","139,25",bol,2022-12-25 13:26:11.555887
Samsung Galaxy4 Special Black 40mm SA.R860BFBM,179,bol,2022-12-25 13:26:11.558015
Samsung Galaxy Watch5 - Smartwatch - 44 mm - LTE/5G - Blue,287,bol,2022-12-25 13:26:15.134961
Samsung Galaxy Watch4 -  40mm - 4G/LTE - Goud Roze,"264,99",bol,2022-12-25 13:26:18.678111
"Samsung Galaxy Watch 46mm 4G Roze/Goud - Smartwatch Horloges - SM-R815FZDAPHE - Samsung - 8801643654337

Tweedehands","130,39",bol,2022-12-25 13:26:22.131549
Samsung Galaxy Watch Active2 - Aluminium - Smartwatch - 40 mm - Zwart,"239,99",bol,2022-12-25 13:26:22.132678
Samsung Galaxy Fit - Activitytracker - Zwart,99,bol,2022-12-25 13:26:22.133768
Samsung Galaxy Watch5 40mm Grafiet,"248,75",bol,2022-12-25 13:26:25.627199
